case_id,source,source_id,category,input_image,reference_mesh,use_pose,tags,current_tags,historical_tags,status,recommended_for,measurement_status,measurement_current,overhang_status,standing_status,appearance_eligibility,appearance_reason,overhang_eligibility,overhang_reason,standing_eligibility,standing_reason,selection_note
ABO_B076V626RZ,ABO,B076V626RZ,lamp,previews/ABO_B076V626RZ/input.png,derived/ABO_B076V626RZ/reference.glb,derived/ABO_B076V626RZ/use_pose.json,complex_surface;standing_sensitive;grouping_tradeoff;multipart_contact,complex_surface;standing_sensitive;grouping_tradeoff;multipart_contact,,recommended_dev,appearance,INDETERMINATE,False,INDETERMINATE,INDETERMINATE,ELIGIBLE,Validated source and previews; current evidence confirms usable appearance input.,INDETERMINATE,Reliable material volume and a valid current overhang PASS are required.,INDETERMINATE,One validated connected material island is required.,"Complete, recognizable multi-view model with visible materials and clear contacting functional components; support and curvature are evident."
ABO_B075X2XZDD,ABO,B075X2XZDD,lamp,previews/ABO_B075X2XZDD/input.png,derived/ABO_B075X2XZDD/reference.glb,derived/ABO_B075X2XZDD/use_pose.json,complex_surface;standing_sensitive;grouping_tradeoff;multipart_contact,complex_surface;standing_sensitive;grouping_tradeoff;multipart_contact,complex_surface;standing_sensitive;multipart_contact,recommended_dev,appearance,INDETERMINATE,False,INDETERMINATE,INDETERMINATE,ELIGIBLE,Validated source and previews; current evidence confirms usable appearance input.,INDETERMINATE,Reliable material volume and a valid current overhang PASS are required.,INDETERMINATE,One validated connected material island is required.,"Complete, recognizable floor lamp with a bent arm, varied part sections, multiple contacting functional components, and a tall slender support."
ABO_B07WDJRMPG,ABO,B07WDJRMPG,,previews/ABO_B07WDJRMPG/input.png,derived/ABO_B07WDJRMPG/reference.glb,derived/ABO_B07WDJRMPG/use_pose.json,,,complex_surface;standing_sensitive;grouping_tradeoff;multipart_contact,excluded,,INDETERMINATE,False,INDETERMINATE,INDETERMINATE,INDETERMINATE,"Current VLM or manual evidence has not confirmed complete, usable appearance input.",INDETERMINATE,Reliable material volume and a valid current overhang PASS are required.,INDETERMINATE,Natural free-standing applicability has not been confirmed.,"Bent tubular rails, multiple contacting functional members, and a support-sensitive stance create surface, grouping, and stability ambiguity. Geometry unavailable: original reference is not a verified closed material volume; inspect basic.json/use_pose.json."
ABO_B07B4ZZGKK,ABO,B07B4ZZGKK,lamp,previews/ABO_B07B4ZZGKK/input.png,derived/ABO_B07B4ZZGKK/reference.glb,derived/ABO_B07B4ZZGKK/use_pose.json,,,complex_surface;standing_sensitive;grouping_tradeoff;multipart_contact,needs_review,,INDETERMINATE,False,INDETERMINATE,INDETERMINATE,INDETERMINATE,"Current VLM or manual evidence has not confirmed complete, usable appearance input.",INDETERMINATE,Reliable material volume and a valid current overhang PASS are required.,INDETERMINATE,Natural free-standing applicability has not been confirmed.,"All four tags are plausible: curved transparent body, support-sensitive footprint, several visually contacting lamp parts, and a split/merge ambiguity between shade, glass body, rod, and base; transparency and hidden contacts warrant manual confirmation. Geometry unavailable: original reference is not a verified closed material volume; inspect basic.json/use_pose.json."
ABO_B075X2LKNZ,ABO,B075X2LKNZ,lamp,previews/ABO_B075X2LKNZ/input.png,derived/ABO_B075X2LKNZ/reference.glb,derived/ABO_B075X2LKNZ/use_pose.json,,,complex_surface;standing_sensitive;grouping_tradeoff;multipart_contact,needs_review,,INDETERMINATE,False,INDETERMINATE,INDETERMINATE,INDETERMINATE,"Current VLM or manual evidence has not confirmed complete, usable appearance input.",INDETERMINATE,Reliable material volume and a valid current overhang PASS are required.,INDETERMINATE,Natural free-standing applicability has not been confirmed.,"The lamp combines a curved tapered shade with a top-heavy upright support and visibly contacting shade, mount, and stem parts, creating both grouping and support-risk hypotheses. Geometry unavailable: original reference is not a verified closed material volume; inspect basic.json/use_pose.json."
ABO_B082JGPBLQ,ABO,B082JGPBLQ,cabinet_shelf,previews/ABO_B082JGPBLQ/input.png,derived/ABO_B082JGPBLQ/reference.glb,derived/ABO_B082JGPBLQ/use_pose.json,,,standing_sensitive;grouping_tradeoff;multipart_contact,needs_review,,INDETERMINATE,False,INDETERMINATE,INDETERMINATE,INDETERMINATE,"Current VLM or manual evidence has not confirmed complete, usable appearance input.",INDETERMINATE,Reliable material volume and a valid current overhang PASS are required.,INDETERMINATE,Natural free-standing applicability has not been confirmed.,"Tags reflect caster-supported standing, attached drawer/handle/caster parts, and ambiguity in grouping the carcass with its drawers; surfaces are mostly planar. Geometry unavailable: original reference is not a verified closed material volume; inspect basic.json/use_pose.json."
ABO_B07WMRJ68R,ABO,B07WMRJ68R,,previews/ABO_B07WMRJ68R/input.png,derived/ABO_B07WMRJ68R/reference.glb,derived/ABO_B07WMRJ68R/use_pose.json,,,complex_surface;standing_sensitive;grouping_tradeoff;multipart_contact,excluded,,INDETERMINATE,False,INDETERMINATE,INDETERMINATE,INDETERMINATE,"Current VLM or manual evidence has not confirmed complete, usable appearance input.",INDETERMINATE,Reliable material volume and a valid current overhang PASS are required.,INDETERMINATE,Natural free-standing applicability has not been confirmed.,"Bent tubular rails, hinged-looking braces, two platforms, and multiple contacting frame members create curvature, support, grouping, and multipart-contact cues. Geometry unavailable: original reference is not a verified closed material volume; inspect basic.json/use_pose.json."
ABO_B075X4YDN6,ABO,B075X4YDN6,chair_stool,previews/ABO_B075X4YDN6/input.png,derived/ABO_B075X4YDN6/reference.glb,derived/ABO_B075X4YDN6/use_pose.json,,,complex_surface;standing_sensitive;grouping_tradeoff;multipart_contact,needs_review,,INDETERMINATE,False,INDETERMINATE,INDETERMINATE,INDETERMINATE,"Current VLM or manual evidence has not confirmed complete, usable appearance input.",INDETERMINATE,Reliable material volume and a valid current overhang PASS are required.,INDETERMINATE,Natural free-standing applicability has not been confirmed.,"Tags reflect the strongly curved shell, narrow pedestal support, potential shell/base grouping ambiguity, and visibly contacting seat, back, arms, and base components. Geometry unavailable: original reference is not a verified closed material volume; inspect basic.json/use_pose.json."
ABO_B07QCQ1J7M,ABO,B07QCQ1J7M,chair_stool,previews/ABO_B07QCQ1J7M/input.png,derived/ABO_B07QCQ1J7M/reference.glb,derived/ABO_B07QCQ1J7M/use_pose.json,,,complex_surface;standing_sensitive;grouping_tradeoff;multipart_contact,needs_review,,INDETERMINATE,False,INDETERMINATE,INDETERMINATE,INDETERMINATE,Source SHA or preview/preflight evidence is missing or stale.,INDETERMINATE,Reliable material volume and a valid current overhang PASS are required.,INDETERMINATE,Natural free-standing applicability has not been confirmed.,ValueError: RAW_ASSET_CHECKSUM_CHANGED
ABO_B0814T6G5M,ABO,B0814T6G5M,chair_stool,previews/ABO_B0814T6G5M/input.png,derived/ABO_B0814T6G5M/reference.glb,derived/ABO_B0814T6G5M/use_pose.json,,,complex_surface;standing_sensitive;grouping_tradeoff;multipart_contact,needs_review,,INDETERMINATE,False,INDETERMINATE,INDETERMINATE,INDETERMINATE,"Current VLM or manual evidence has not confirmed complete, usable appearance input.",INDETERMINATE,Reliable material volume and a valid current overhang PASS are required.,INDETERMINATE,Natural free-standing applicability has not been confirmed.,"The section-varying curved shell has overlapping-looking regions, visibly meets the seat/supports, and rests on a relatively narrow, irregular support footprint. Geometry unavailable: original reference is not a verified closed material volume; inspect basic.json/use_pose.json."
ABO_B07BWJCZJW,ABO,B07BWJCZJW,chair_stool,previews/ABO_B07BWJCZJW/input.png,derived/ABO_B07BWJCZJW/reference.glb,derived/ABO_B07BWJCZJW/use_pose.json,complex_surface;standing_sensitive;grouping_tradeoff;multipart_contact,complex_surface;standing_sensitive;grouping_tradeoff;multipart_contact,complex_surface;standing_sensitive;grouping_tradeoff;multipart_contact,recommended_dev,appearance;overhang;standing,COMPLETED,True,PASS,PASS,ELIGIBLE,Validated source and previews; current evidence confirms usable appearance input.,ELIGIBLE,Reliable material volume and a valid current overhang PASS.,ELIGIBLE,"Natural free-standing use, confirmed pose, one material island and a valid current measurement.","Complete, recognizable chair with visible upholstery, curved sections, distinct contacting functional parts, and separate support elements."
ABO_B0853VH2YF,ABO,B0853VH2YF,chair_stool,previews/ABO_B0853VH2YF/input.png,derived/ABO_B0853VH2YF/reference.glb,derived/ABO_B0853VH2YF/use_pose.json,,,complex_surface;grouping_tradeoff;multipart_contact,needs_review,,INDETERMINATE,False,INDETERMINATE,INDETERMINATE,INDETERMINATE,"Current VLM or manual evidence has not confirmed complete, usable appearance input.",INDETERMINATE,Reliable material volume and a valid current overhang PASS are required.,INDETERMINATE,Natural free-standing applicability has not been confirmed.,"The deeply curved wingback shell and tufting vary in section; the integrated arms/back invite grouping ambiguity, while the seat cushion visibly contacts the base and surrounding shell. Geometry unavailable: original reference is not a verified closed material volume; inspect basic.json/use_pose.json."
ABO_B07B4LZP9Q,ABO,B07B4LZP9Q,chair_stool,previews/ABO_B07B4LZP9Q/input.png,derived/ABO_B07B4LZP9Q/reference.glb,derived/ABO_B07B4LZP9Q/use_pose.json,complex_surface;standing_sensitive;grouping_tradeoff;multipart_contact,complex_surface;standing_sensitive;grouping_tradeoff;multipart_contact,complex_surface;standing_sensitive;grouping_tradeoff;multipart_contact,recommended_dev,appearance,INDETERMINATE,False,INDETERMINATE,INDETERMINATE,ELIGIBLE,Validated source and previews; current evidence confirms usable appearance input.,INDETERMINATE,Reliable material volume and a valid current overhang PASS are required.,INDETERMINATE,One validated connected material island is required.,"Complete, recognizable upholstered armchair with visible cushions, arms, body, and supporting legs."
ABO_B07F3Y9BSC,ABO,B07F3Y9BSC,table,previews/ABO_B07F3Y9BSC/input.png,derived/ABO_B07F3Y9BSC/reference.glb,derived/ABO_B07F3Y9BSC/use_pose.json,complex_surface;standing_sensitive;grouping_tradeoff;multipart_contact,complex_surface;standing_sensitive;grouping_tradeoff;multipart_contact,complex_surface;grouping_tradeoff;multipart_contact,recommended_dev,appearance,INDETERMINATE,False,INDETERMINATE,INDETERMINATE,ELIGIBLE,Validated source and previews; current evidence confirms usable appearance input.,INDETERMINATE,Reliable material volume and a valid current overhang PASS are required.,INDETERMINATE,One validated connected material island is required.,"All four tags are plausible from the curved tabletop and legs, support-sensitive stance, assembled-versus-separate component ambiguity, and contacting shelf/leg/top parts. Manual confirmation is needed because the final views show an isolated curved component whose relation to the assembled table is unclear."
ABO_B07QD6V6MP,ABO,B07QD6V6MP,table,previews/ABO_B07QD6V6MP/input.png,derived/ABO_B07QD6V6MP/reference.glb,derived/ABO_B07QD6V6MP/use_pose.json,standing_sensitive;grouping_tradeoff;multipart_contact,standing_sensitive;grouping_tradeoff;multipart_contact,standing_sensitive;grouping_tradeoff;multipart_contact,recommended_dev,appearance,INDETERMINATE,False,INDETERMINATE,INDETERMINATE,ELIGIBLE,Validated source and previews; current evidence confirms usable appearance input.,INDETERMINATE,Reliable material volume and a valid current overhang PASS are required.,INDETERMINATE,One validated connected material island is required.,"The slender base presents support sensitivity, while the top and frame are distinct visibly contacting functional parts with a plausible grouping tradeoff."
ABO_B07QX2BYDH,ABO,B07QX2BYDH,table,previews/ABO_B07QX2BYDH/input.png,derived/ABO_B07QX2BYDH/reference.glb,derived/ABO_B07QX2BYDH/use_pose.json,,,standing_sensitive;grouping_tradeoff;multipart_contact,needs_review,,INDETERMINATE,False,INDETERMINATE,INDETERMINATE,INDETERMINATE,"Current VLM or manual evidence has not confirmed complete, usable appearance input.",INDETERMINATE,Reliable material volume and a valid current overhang PASS are required.,INDETERMINATE,Natural free-standing applicability has not been confirmed.,"Tags reflect narrow folded-leg support risk, several functionally distinct contacting assemblies, and a plausible grouping tradeoff between the frame, tabletop, and attached accessories; surfaces are mostly planar and regular. Geometry unavailable: original reference is not a verified closed material volume; inspect basic.json/use_pose.json."
ABO_B072ZK887F,ABO,B072ZK887F,table,previews/ABO_B072ZK887F/input.png,derived/ABO_B072ZK887F/reference.glb,derived/ABO_B072ZK887F/use_pose.json,,,standing_sensitive;grouping_tradeoff;multipart_contact,needs_review,,INDETERMINATE,False,INDETERMINATE,INDETERMINATE,INDETERMINATE,"Current VLM or manual evidence has not confirmed complete, usable appearance input.",INDETERMINATE,Reliable material volume and a valid current overhang PASS are required.,INDETERMINATE,Natural free-standing applicability has not been confirmed.,"Slender floor supports create pose-sensitive stability, while the basket, rim, frame, and upper surface present grouping ambiguity and visible functional contact. Geometry unavailable: original reference is not a verified closed material volume; inspect basic.json/use_pose.json."
ABO_B07DB92LG4,ABO,B07DB92LG4,table,previews/ABO_B07DB92LG4/input.png,derived/ABO_B07DB92LG4/reference.glb,derived/ABO_B07DB92LG4/use_pose.json,,,complex_surface;standing_sensitive;grouping_tradeoff;multipart_contact,needs_review,,INDETERMINATE,False,INDETERMINATE,INDETERMINATE,INDETERMINATE,"Current VLM or manual evidence has not confirmed complete, usable appearance input.",INDETERMINATE,Reliable material volume and a valid current overhang PASS are required.,INDETERMINATE,Natural free-standing applicability has not been confirmed.,"Tags reflect tapered/curved sections, four-leg support dependence, contacting functional components, and ambiguity between treating drawers/frame/shelf as unified or separate groups. Geometry unavailable: original reference is not a verified closed material volume; inspect basic.json/use_pose.json."
ABO_B07GFWF2GM,ABO,B07GFWF2GM,table,previews/ABO_B07GFWF2GM/input.png,derived/ABO_B07GFWF2GM/reference.glb,derived/ABO_B07GFWF2GM/use_pose.json,grouping_tradeoff;multipart_contact,grouping_tradeoff;multipart_contact,grouping_tradeoff;multipart_contact,recommended_dev,appearance;overhang,COMPLETED,True,PASS,INDETERMINATE,ELIGIBLE,Validated source and previews; current evidence confirms usable appearance input.,ELIGIBLE,Reliable material volume and a valid current overhang PASS.,INDETERMINATE,One validated connected material island is required.,"Complete, recognizable multi-part table with clear native surface appearance and sufficient views; distinct contacting panels and top create a possible grouping tradeoff."
ABO_B07MNBYN11,ABO,B07MNBYN11,cabinet_shelf,previews/ABO_B07MNBYN11/input.png,derived/ABO_B07MNBYN11/reference.glb,derived/ABO_B07MNBYN11/use_pose.json,,,standing_sensitive;grouping_tradeoff;multipart_contact,needs_review,,INDETERMINATE,False,INDETERMINATE,INDETERMINATE,INDETERMINATE,"Current VLM or manual evidence has not confirmed complete, usable appearance input.",INDETERMINATE,Reliable material volume and a valid current overhang PASS are required.,INDETERMINATE,Natural free-standing applicability has not been confirmed.,"Casters create support sensitivity, while the doors, drawer, hardware, trim, and cabinet body present visually contacting parts with a grouping tradeoff. Geometry unavailable: original reference is not a verified closed material volume; inspect basic.json/use_pose.json."
ABO_B07S6WNZ7Y,ABO,B07S6WNZ7Y,cabinet_shelf,previews/ABO_B07S6WNZ7Y/input.png,derived/ABO_B07S6WNZ7Y/reference.glb,derived/ABO_B07S6WNZ7Y/use_pose.json,standing_sensitive;grouping_tradeoff;multipart_contact,standing_sensitive;grouping_tradeoff;multipart_contact,standing_sensitive;grouping_tradeoff;multipart_contact,recommended_dev,appearance,INDETERMINATE,False,INDETERMINATE,INDETERMINATE,ELIGIBLE,Validated source and previews; current evidence confirms usable appearance input.,INDETERMINATE,Reliable material volume and a valid current overhang PASS are required.,INDETERMINATE,One validated connected material island is required.,"The tall, narrow support stance suggests standing sensitivity, while doors, shelves, and cabinet panels create contacting functional parts and a plausible grouping tradeoff."
ABO_B088HDFTSS,ABO,B088HDFTSS,cabinet_shelf,previews/ABO_B088HDFTSS/input.png,derived/ABO_B088HDFTSS/reference.glb,derived/ABO_B088HDFTSS/use_pose.json,complex_surface;standing_sensitive,complex_surface;standing_sensitive,complex_surface;standing_sensitive,recommended_dev,appearance;overhang,COMPLETED,True,PASS,PASS,ELIGIBLE,Validated source and previews; current evidence confirms usable appearance input.,ELIGIBLE,Reliable material volume and a valid current overhang PASS.,NOT_APPLICABLE,"Official listing: corner-mounted floating wall shelf with invisible mounting brackets. Flat on the ground is only a diagnostic pose, not a free-standing use case.","Tags reflect the tapered triangular form, curved/molded edge profile, and likely sensitivity to orientation when unsupported. Manual applicability review: Official listing: corner-mounted floating wall shelf with invisible mounting brackets. Flat on the ground is only a diagnostic pose, not a free-standing use case."
ABO_B07K7K4CRV,ABO,B07K7K4CRV,cabinet_shelf,previews/ABO_B07K7K4CRV/input.png,derived/ABO_B07K7K4CRV/reference.glb,derived/ABO_B07K7K4CRV/use_pose.json,,,standing_sensitive;grouping_tradeoff;multipart_contact,needs_review,,INDETERMINATE,False,INDETERMINATE,INDETERMINATE,INDETERMINATE,"Current VLM or manual evidence has not confirmed complete, usable appearance input.",INDETERMINATE,Reliable material volume and a valid current overhang PASS are required.,INDETERMINATE,Natural free-standing applicability has not been confirmed.,"Tall narrow form suggests support sensitivity, while drawer fronts and carcass create grouping and contacting-part ambiguities; surfaces are predominantly planar. Geometry unavailable: original reference is not a verified closed material volume; inspect basic.json/use_pose.json."
ABO_B0154WJZH2,ABO,B0154WJZH2,cabinet_shelf,previews/ABO_B0154WJZH2/input.png,derived/ABO_B0154WJZH2/reference.glb,derived/ABO_B0154WJZH2/use_pose.json,grouping_tradeoff;multipart_contact,grouping_tradeoff;multipart_contact,standing_sensitive;grouping_tradeoff;multipart_contact,needs_review,,INDETERMINATE,False,INDETERMINATE,INDETERMINATE,ELIGIBLE,Validated source and previews; current evidence confirms usable appearance input.,INDETERMINATE,Reliable material volume and a valid current overhang PASS are required.,INDETERMINATE,One validated connected material island is required.,"Recognizable and sufficiently visible with clear ground-standing use; distinct drawers and cabinet body create a multipart grouping/contact tradeoff, while surfaces are predominantly planar."
ABO_B07HSLG6XK,ABO,B07HSLG6XK,cabinet_shelf,previews/ABO_B07HSLG6XK/input.png,derived/ABO_B07HSLG6XK/reference.glb,derived/ABO_B07HSLG6XK/use_pose.json,complex_surface;standing_sensitive;grouping_tradeoff;multipart_contact,complex_surface;standing_sensitive;grouping_tradeoff;multipart_contact,complex_surface;grouping_tradeoff;multipart_contact,needs_review,,COMPLETED,True,PASS,PASS,ELIGIBLE,Validated source and previews; current evidence confirms usable appearance input.,ELIGIBLE,Reliable material volume and a valid current overhang PASS.,NOT_APPLICABLE,Official listing: circular mirrored wall shelf. Free-ground simulation is diagnostic; normal use relies on wall mounting.,"Curved enclosure, multiple contacting cabinet components, and plausible grouping ambiguity are visible across the views. Manual applicability review: Official listing: circular mirrored wall shelf. Free-ground simulation is diagnostic; normal use relies on wall mounting."
Toys4K_cat_057,Toys4K,cat_057,cat,,,,,,,needs_review,,INDETERMINATE,False,INDETERMINATE,INDETERMINATE,INDETERMINATE,Source SHA or preview/preflight evidence is missing or stale.,INDETERMINATE,Reliable material volume and a valid current overhang PASS are required.,INDETERMINATE,Natural free-standing applicability has not been confirmed.,"Existing-cache identifier candidate; official Toys4K asset archive unavailable. Model hash, geometry, pose and previews remain unverified."
Toys4K_cow_012,Toys4K,cow_012,cow,,,,,,,needs_review,,INDETERMINATE,False,INDETERMINATE,INDETERMINATE,INDETERMINATE,Source SHA or preview/preflight evidence is missing or stale.,INDETERMINATE,Reliable material volume and a valid current overhang PASS are required.,INDETERMINATE,Natural free-standing applicability has not been confirmed.,"Existing-cache identifier candidate; official Toys4K asset archive unavailable. Model hash, geometry, pose and previews remain unverified."
Toys4K_dinosaur_020,Toys4K,dinosaur_020,dinosaur,,,,,,,needs_review,,INDETERMINATE,False,INDETERMINATE,INDETERMINATE,INDETERMINATE,Source SHA or preview/preflight evidence is missing or stale.,INDETERMINATE,Reliable material volume and a valid current overhang PASS are required.,INDETERMINATE,Natural free-standing applicability has not been confirmed.,"Existing-cache identifier candidate; official Toys4K asset archive unavailable. Model hash, geometry, pose and previews remain unverified."
Toys4K_dog_053,Toys4K,dog_053,dog,,,,,,,needs_review,,INDETERMINATE,False,INDETERMINATE,INDETERMINATE,INDETERMINATE,Source SHA or preview/preflight evidence is missing or stale.,INDETERMINATE,Reliable material volume and a valid current overhang PASS are required.,INDETERMINATE,Natural free-standing applicability has not been confirmed.,"Existing-cache identifier candidate; official Toys4K asset archive unavailable. Model hash, geometry, pose and previews remain unverified."
Toys4K_dragon_007,Toys4K,dragon_007,dragon,,,,,,,needs_review,,INDETERMINATE,False,INDETERMINATE,INDETERMINATE,INDETERMINATE,Source SHA or preview/preflight evidence is missing or stale.,INDETERMINATE,Reliable material volume and a valid current overhang PASS are required.,INDETERMINATE,Natural free-standing applicability has not been confirmed.,"Existing-cache identifier candidate; official Toys4K asset archive unavailable. Model hash, geometry, pose and previews remain unverified."
Toys4K_giraffe_005,Toys4K,giraffe_005,giraffe,,,,,,,needs_review,,INDETERMINATE,False,INDETERMINATE,INDETERMINATE,INDETERMINATE,Source SHA or preview/preflight evidence is missing or stale.,INDETERMINATE,Reliable material volume and a valid current overhang PASS are required.,INDETERMINATE,Natural free-standing applicability has not been confirmed.,"Existing-cache identifier candidate; official Toys4K asset archive unavailable. Model hash, geometry, pose and previews remain unverified."
Toys4K_horse_030,Toys4K,horse_030,horse,,,,,,,needs_review,,INDETERMINATE,False,INDETERMINATE,INDETERMINATE,INDETERMINATE,Source SHA or preview/preflight evidence is missing or stale.,INDETERMINATE,Reliable material volume and a valid current overhang PASS are required.,INDETERMINATE,Natural free-standing applicability has not been confirmed.,"Existing-cache identifier candidate; official Toys4K asset archive unavailable. Model hash, geometry, pose and previews remain unverified."
Toys4K_lion_003,Toys4K,lion_003,lion,,,,,,,needs_review,,INDETERMINATE,False,INDETERMINATE,INDETERMINATE,INDETERMINATE,Source SHA or preview/preflight evidence is missing or stale.,INDETERMINATE,Reliable material volume and a valid current overhang PASS are required.,INDETERMINATE,Natural free-standing applicability has not been confirmed.,"Existing-cache identifier candidate; official Toys4K asset archive unavailable. Model hash, geometry, pose and previews remain unverified."
Toys4K_monkey_005,Toys4K,monkey_005,monkey,,,,,,,needs_review,,INDETERMINATE,False,INDETERMINATE,INDETERMINATE,INDETERMINATE,Source SHA or preview/preflight evidence is missing or stale.,INDETERMINATE,Reliable material volume and a valid current overhang PASS are required.,INDETERMINATE,Natural free-standing applicability has not been confirmed.,"Existing-cache identifier candidate; official Toys4K asset archive unavailable. Model hash, geometry, pose and previews remain unverified."
Toys4K_robot_050,Toys4K,robot_050,robot,,,,,,,needs_review,,INDETERMINATE,False,INDETERMINATE,INDETERMINATE,INDETERMINATE,Source SHA or preview/preflight evidence is missing or stale.,INDETERMINATE,Reliable material volume and a valid current overhang PASS are required.,INDETERMINATE,Natural free-standing applicability has not been confirmed.,"Existing-cache identifier candidate; official Toys4K asset archive unavailable. Model hash, geometry, pose and previews remain unverified."
Toys4K_bunny_004,Toys4K,bunny_004,bunny,,,,,,,needs_review,,INDETERMINATE,False,INDETERMINATE,INDETERMINATE,INDETERMINATE,Source SHA or preview/preflight evidence is missing or stale.,INDETERMINATE,Reliable material volume and a valid current overhang PASS are required.,INDETERMINATE,Natural free-standing applicability has not been confirmed.,"Existing-cache identifier candidate; official Toys4K asset archive unavailable. Model hash, geometry, pose and previews remain unverified."
Toys4K_cat_055,Toys4K,cat_055,cat,,,,,,,needs_review,,INDETERMINATE,False,INDETERMINATE,INDETERMINATE,INDETERMINATE,Source SHA or preview/preflight evidence is missing or stale.,INDETERMINATE,Reliable material volume and a valid current overhang PASS are required.,INDETERMINATE,Natural free-standing applicability has not been confirmed.,"Existing-cache identifier candidate; official Toys4K asset archive unavailable. Model hash, geometry, pose and previews remain unverified."
Toys4K_cow_006,Toys4K,cow_006,cow,,,,,,,needs_review,,INDETERMINATE,False,INDETERMINATE,INDETERMINATE,INDETERMINATE,Source SHA or preview/preflight evidence is missing or stale.,INDETERMINATE,Reliable material volume and a valid current overhang PASS are required.,INDETERMINATE,Natural free-standing applicability has not been confirmed.,"Existing-cache identifier candidate; official Toys4K asset archive unavailable. Model hash, geometry, pose and previews remain unverified."
Toys4K_dinosaur_055,Toys4K,dinosaur_055,dinosaur,,,,,,,needs_review,,INDETERMINATE,False,INDETERMINATE,INDETERMINATE,INDETERMINATE,Source SHA or preview/preflight evidence is missing or stale.,INDETERMINATE,Reliable material volume and a valid current overhang PASS are required.,INDETERMINATE,Natural free-standing applicability has not been confirmed.,"Existing-cache identifier candidate; official Toys4K asset archive unavailable. Model hash, geometry, pose and previews remain unverified."
Toys4K_dog_046,Toys4K,dog_046,dog,,,,,,,needs_review,,INDETERMINATE,False,INDETERMINATE,INDETERMINATE,INDETERMINATE,Source SHA or preview/preflight evidence is missing or stale.,INDETERMINATE,Reliable material volume and a valid current overhang PASS are required.,INDETERMINATE,Natural free-standing applicability has not been confirmed.,"Existing-cache identifier candidate; official Toys4K asset archive unavailable. Model hash, geometry, pose and previews remain unverified."
Toys4K_dragon_030,Toys4K,dragon_030,dragon,,,,,,,needs_review,,INDETERMINATE,False,INDETERMINATE,INDETERMINATE,INDETERMINATE,Source SHA or preview/preflight evidence is missing or stale.,INDETERMINATE,Reliable material volume and a valid current overhang PASS are required.,INDETERMINATE,Natural free-standing applicability has not been confirmed.,"Existing-cache identifier candidate; official Toys4K asset archive unavailable. Model hash, geometry, pose and previews remain unverified."
Toys4K_giraffe_004,Toys4K,giraffe_004,giraffe,,,,,,,needs_review,,INDETERMINATE,False,INDETERMINATE,INDETERMINATE,INDETERMINATE,Source SHA or preview/preflight evidence is missing or stale.,INDETERMINATE,Reliable material volume and a valid current overhang PASS are required.,INDETERMINATE,Natural free-standing applicability has not been confirmed.,"Existing-cache identifier candidate; official Toys4K asset archive unavailable. Model hash, geometry, pose and previews remain unverified."
Toys4K_horse_033,Toys4K,horse_033,horse,,,,,,,needs_review,,INDETERMINATE,False,INDETERMINATE,INDETERMINATE,INDETERMINATE,Source SHA or preview/preflight evidence is missing or stale.,INDETERMINATE,Reliable material volume and a valid current overhang PASS are required.,INDETERMINATE,Natural free-standing applicability has not been confirmed.,"Existing-cache identifier candidate; official Toys4K asset archive unavailable. Model hash, geometry, pose and previews remain unverified."
Toys4K_lion_013,Toys4K,lion_013,lion,,,,,,,needs_review,,INDETERMINATE,False,INDETERMINATE,INDETERMINATE,INDETERMINATE,Source SHA or preview/preflight evidence is missing or stale.,INDETERMINATE,Reliable material volume and a valid current overhang PASS are required.,INDETERMINATE,Natural free-standing applicability has not been confirmed.,"Existing-cache identifier candidate; official Toys4K asset archive unavailable. Model hash, geometry, pose and previews remain unverified."
Toys4K_monkey_008,Toys4K,monkey_008,monkey,,,,,,,needs_review,,INDETERMINATE,False,INDETERMINATE,INDETERMINATE,INDETERMINATE,Source SHA or preview/preflight evidence is missing or stale.,INDETERMINATE,Reliable material volume and a valid current overhang PASS are required.,INDETERMINATE,Natural free-standing applicability has not been confirmed.,"Existing-cache identifier candidate; official Toys4K asset archive unavailable. Model hash, geometry, pose and previews remain unverified."
Toys4K_robot_094,Toys4K,robot_094,robot,,,,,,,needs_review,,INDETERMINATE,False,INDETERMINATE,INDETERMINATE,INDETERMINATE,Source SHA or preview/preflight evidence is missing or stale.,INDETERMINATE,Reliable material volume and a valid current overhang PASS are required.,INDETERMINATE,Natural free-standing applicability has not been confirmed.,"Existing-cache identifier candidate; official Toys4K asset archive unavailable. Model hash, geometry, pose and previews remain unverified."
Toys4K_bunny_013,Toys4K,bunny_013,bunny,,,,,,,needs_review,,INDETERMINATE,False,INDETERMINATE,INDETERMINATE,INDETERMINATE,Source SHA or preview/preflight evidence is missing or stale.,INDETERMINATE,Reliable material volume and a valid current overhang PASS are required.,INDETERMINATE,Natural free-standing applicability has not been confirmed.,"Existing-cache identifier candidate; official Toys4K asset archive unavailable. Model hash, geometry, pose and previews remain unverified."
Toys4K_cat_071,Toys4K,cat_071,cat,,,,,,,needs_review,,INDETERMINATE,False,INDETERMINATE,INDETERMINATE,INDETERMINATE,Source SHA or preview/preflight evidence is missing or stale.,INDETERMINATE,Reliable material volume and a valid current overhang PASS are required.,INDETERMINATE,Natural free-standing applicability has not been confirmed.,"Existing-cache identifier candidate; official Toys4K asset archive unavailable. Model hash, geometry, pose and previews remain unverified."
Toys4K_cow_016,Toys4K,cow_016,cow,,,,,,,needs_review,,INDETERMINATE,False,INDETERMINATE,INDETERMINATE,INDETERMINATE,Source SHA or preview/preflight evidence is missing or stale.,INDETERMINATE,Reliable material volume and a valid current overhang PASS are required.,INDETERMINATE,Natural free-standing applicability has not been confirmed.,"Existing-cache identifier candidate; official Toys4K asset archive unavailable. Model hash, geometry, pose and previews remain unverified."
Toys4K_dinosaur_059,Toys4K,dinosaur_059,dinosaur,,,,,,,needs_review,,INDETERMINATE,False,INDETERMINATE,INDETERMINATE,INDETERMINATE,Source SHA or preview/preflight evidence is missing or stale.,INDETERMINATE,Reliable material volume and a valid current overhang PASS are required.,INDETERMINATE,Natural free-standing applicability has not been confirmed.,"Existing-cache identifier candidate; official Toys4K asset archive unavailable. Model hash, geometry, pose and previews remain unverified."
ABO_B073P3WGZZ,ABO,B073P3WGZZ,lamp,previews/ABO_B073P3WGZZ/input.png,derived/ABO_B073P3WGZZ/reference.glb,derived/ABO_B073P3WGZZ/use_pose.json,,,,needs_review,,INDETERMINATE,False,INDETERMINATE,INDETERMINATE,INDETERMINATE,"Current VLM or manual evidence has not confirmed complete, usable appearance input.",INDETERMINATE,Reliable material volume and a valid current overhang PASS are required.,INDETERMINATE,Natural free-standing applicability has not been confirmed.,Seeded incremental candidate; awaiting geometry and review.
ABO_B082XMFBY2,ABO,B082XMFBY2,lamp,previews/ABO_B082XMFBY2/input.png,derived/ABO_B082XMFBY2/reference.glb,derived/ABO_B082XMFBY2/use_pose.json,,,,needs_review,,INDETERMINATE,False,INDETERMINATE,INDETERMINATE,INDETERMINATE,"Current VLM or manual evidence has not confirmed complete, usable appearance input.",INDETERMINATE,Reliable material volume and a valid current overhang PASS are required.,INDETERMINATE,Natural free-standing applicability has not been confirmed.,Seeded incremental candidate; awaiting geometry and review.
ABO_B07DT4GY4W,ABO,B07DT4GY4W,lamp,previews/ABO_B07DT4GY4W/input.png,derived/ABO_B07DT4GY4W/reference.glb,derived/ABO_B07DT4GY4W/use_pose.json,,,,needs_review,,INDETERMINATE,False,INDETERMINATE,INDETERMINATE,INDETERMINATE,"Current VLM or manual evidence has not confirmed complete, usable appearance input.",INDETERMINATE,Reliable material volume and a valid current overhang PASS are required.,INDETERMINATE,Natural free-standing applicability has not been confirmed.,Seeded incremental candidate; awaiting geometry and review.
ABO_B07DBK7KKZ,ABO,B07DBK7KKZ,lamp,previews/ABO_B07DBK7KKZ/input.png,derived/ABO_B07DBK7KKZ/reference.glb,derived/ABO_B07DBK7KKZ/use_pose.json,,,,needs_review,,INDETERMINATE,False,INDETERMINATE,INDETERMINATE,INDETERMINATE,"Current VLM or manual evidence has not confirmed complete, usable appearance input.",INDETERMINATE,Reliable material volume and a valid current overhang PASS are required.,INDETERMINATE,Natural free-standing applicability has not been confirmed.,Seeded incremental candidate; awaiting geometry and review.
ABO_B07QZ21DDV,ABO,B07QZ21DDV,chair_stool,previews/ABO_B07QZ21DDV/input.png,derived/ABO_B07QZ21DDV/reference.glb,derived/ABO_B07QZ21DDV/use_pose.json,complex_surface;standing_sensitive;grouping_tradeoff;multipart_contact,complex_surface;standing_sensitive;grouping_tradeoff;multipart_contact,,recommended_dev,appearance;overhang;standing,COMPLETED,True,PASS,PASS,ELIGIBLE,Validated source and previews; current evidence confirms usable appearance input.,ELIGIBLE,Reliable material volume and a valid current overhang PASS.,ELIGIBLE,"Natural free-standing use, confirmed pose, one material island and a valid current measurement.","Curved upholstered sections, distinct contacting chair components, separable-looking parts, and relatively narrow support legs motivate all four hypotheses."
